"","","","","","","","","","","","","","",""
"ทาวน์โฮม","Piamsuk Rattanathibet 34 Phra Nang Klao","หมู่บ้านเปี่ยมสุข รัตนาธิเบศร์ 34 พระนั่งเกล้า","รัตนาธิเบศร์38","รัตนาธิเบศร์","บางกระสอ","เมืองนนทบุรี","นนทบุรี","","","","","- ใกล้ห้างสรรพสินค้าเซ็นทรัลรัตนาธิเบศร์ 
- เดอะมอลล์ งามวงศ์วาน 
- โลตัส แคราย 
- เอสพลานาด แคราย ,
- บิ๊กซี รัตนาธิเบศร์ 
- พันธ์ทิพย์ งามวงศ์วาน 
- เมเจอร์ท่าน้ำนนท์
- ใกล้โรงพยาบาลเกษมราษฏร์ ประชาชื่น 
- โรงพยาบาลพระนั่งเกล้า 
- โรงพยาบาลโรคทรวงอก
- ใกล้โรงเรียนศรีบุญยานนท์ 
- โรงเรียนอนุราชประสิทธิ์ 

","","รัตนาธิเบศร์ สนามบินน้ำ พระนั่งเกล้า สามัคคี เรวดี"
"ทาวน์โฮม","Pruksa Village 30","หมู่บ้านพฤกษา30","","บ้านกล้วย-ไทรน้อย","พิมลราช","บางบัวทอง","นนทบุรี","","","","รักษาความปลอดภัย 24 ชม, ที่จอดรถ","- Big C 
- Max valu
- Centralplaza Westgate
- Ikea Bangyai
- รร.บางบัวทอง
- รร.วัดลาดปลาดุก
- รร.เต็มรักศึกษา
- รร.กสิณธรเซนต์ปีเตอร์
- รพ.บางบัวทอง
- รพ.เกษมราษฎร์","","นนทบุรี บางใหญ่ บางบัวทอง ไทรน้อย ไทรม้า ท่าอิฐ"
"ทาวน์โฮม","Rattanathibet Village, Bang Yai","หมู่บ้านรัตนาธิเบศร์ บางใหญ่","หมู่บ้านรัตนาธิเบศร์","กาญจนาภิเษก","บางรักพัฒนา","บางบัวทอง","นนทบุรี","","","","","- โครงการตั้งอยู่บนถนนสายหลัก ได้แก่ ถนนกาญจนาภิเษก , ถนนรัตนาธิเบศร์
- มีระบบรักษาความปลอดภัย , มีกล้องวงจรปิด
- สภาพแวดล้อมดี สะอาด 
- สิ่งอำนวยความสะดวกภายในโครงการ ได้แก่ สนามเด็กเล่น
- ใกล้โครงการมีร้านค้า , ร้านอาหาร , ตลาดสด , ร้านซักรีด
- บ้านตั้งอยู่ใกล้ร้านสะดวกซื้อ 7-11 
- ใกล้ ห้างสรรพสินค้าเซ็นทรัลเวสท์เกต 
- ใกล้ โรงพยาบาลเกษมราษฎร์ รัตนาธิเบศร์
- ใกล้ โรงเรียนกสินธร , โรงเรียนพระแม่สกลสงเคราะห์
- ใกล้ ธนาคารกสิกร , ไทยพาณิชย์ , กรุงเทพ","","นนทบุรี บางใหญ่ บางบัวทอง ไทรน้อย ไทรม้า ท่าอิฐ"
"บ้านเดี่ยว","Krit Kunchorn Village Ban Kluai-Sai Noi","หมู่บ้านกฤษกุญชร บ้านกล้วย-ไทรน้อย","","บ้านกล้วย-ไทรน้อย","พิมลราช","บางบัวทอง","นนทบุรี","","","","","-โลตัส
-โรงพยาบาลบางบัวทอง
-โรงเรียนแสงประทีปรัฐบำรุง
-อบต บางบัวทอง
-เซ็นทรัลเวสเกต","","นนทบุรี บางใหญ่ บางบัวทอง ไทรน้อย ไทรม้า ท่าอิฐ"
"ทาวน์โฮม","Village at Park Ratchapruek-Kanchanaphisek","วิลเลจ แอท พาร์ค ราชพฤกษ์-กาญจนาภิเษก","","","คลองพระอุดม","ลาดหลุมเเก้ว","ปทุมธานี","","","","รักษาความปลอดภัย 24 ชม, สนามเด็กเล่น, สวนสาธารณะ/สวนหย่อม","
-รร.สารสาสน์ ราชพฤกษ์
-รพ.กรุงสยาม เซนต์คาร์ลอส
-รพ.เกษมราษฎร์
-เซ็นทรัลพลาซา แจ้งวัฒนะ
-เซ็นทรัลพลาซา รัตนาธิเบศร์
-เดอะมอลล์งามวงศ์วาน","","ปทุมธานี ลำลูกกา รังสิต ธรรมศาสตร์ คลองหลวง"
"ทาวน์โฮม","Pruksa 81 (Phahonyothin-Nawanakorn)","พฤกษา 81 (พหลโยธิน-นวนคร)","","","คลองหนึ่ง","คลองหลวง","ปทุมธานี","","","","รักษาความปลอดภัย 24 ชม, CCTV, สนามเด็กเล่น, สวนสาธารณะ/สวนหย่อม","-มหาวิทยาลัยธรรมศาสตร์
- มหาวิทยาลัยราชภัฏวลัยลงกรณ์
-ศูนย์การเรียนรู้ท่าโขลง
- โรงเรียนวันครู
- Big-C
- Lotus
- เจ อเวนิว
- ฟิวเจอร์ พาร์ค
-ตลาดไท
- โรงพยาบาลนวนคร
- กรมที่ดิน
- แขวงการทางปทุมธานี
-พิพิธภัณฑ์เกษตรเฉลิมพระเกียรติ
- นิคมอุตสาหกรรมนวนคร
-วัดทวีการะอนันต์","","ปทุมธานี ลำลูกกา รังสิต ธรรมศาสตร์ คลองหลวง"
"คอนโด","Lumpini Ville Suksawat-Rama 2 Lumpini Ville Suksawat-Rama 2","คอนโด ลุมพินี วิลล์ สุขสวัสดิ์-พระราม 2 Lumpini Ville Suksawat-Rama 2","","สุขสวัสดิ์","จอมทอง","จอมทอง","กรุงเทพ","","","","รักษาความปลอดภัย 24 ชม, CCTV, สระว่ายน้ำ, Fitness, สวนสาธารณะ/สวนหย่อม, ห้องประชุม, Co-working space, ที่จอดรถ, ซัก อบ รีด, มินิมาร์ท","-Big C บางปะกอก : 700 ม.
-ตลาดโอ๋เอ๋ : 1.1 กม.
-ตลาดอินดี้ : 1.2 กม.
-Tesco Lotus บางปะกอก : 1.8 กม.
-Big C ราษฎร์บูรณะ : 1.9 กม.
-Forest พระราม 2 : 2 กม.
-Big C ดาวคะนอง : 2.1 กม.
-The Mall ท่าพระ : 4.2 กม.
-The Bright พระราม 2 : 4.3 กม.
-Makro ประชาอุทิศ : 4.6 กม.
-Asiatique : 4.9 กม.
-Big C สุขสวัสดิ์ : 5.3 กม.
-Home Pro พระราม 2 : 5.6 กม.
-Big C พระราม 2 : 5.8 กม.
-ตลาดใหม่ทุ่งครุ : 6.1 กม.
-Central Plaza Rama 2 : 6.6 กม.
-Major Hollywood สุขสวัสดิ์ : 6.7 กม.
-รพ.บางปะกอก 1 : 1.4 กม.
-รพ.บางปะกอก 9 อินเตอร์เนชั่นแนล : 1.6 กม.
-รพ.ราษฎร์บูรณะ : 2.1 กม.
-รพ.บางมด : 3.8 กม.
-รพ.สมเด็จพระปิ่นเกล้า : 4.0 กม.
-รพ.สมิติเวชธนบุรี : 4.0 กม.
-รพ.เจริญกรุงประชารักษ์ : 4.3 กม.
-รพ.นครธน : 6.7 กม.","","พระราม 2 บางขุนเทียน ท่าข้าม เทียนทะเล"
"ทาวน์โฮม","Siri Place Navanakorn Siri Place Navanakorn","สิริ เพลส นวนคร SIRI PLACE Navanakorn","","","เชียงรากน้อย","บางปะอิน","อยุธยา","","","","รักษาความปลอดภัย 24 ชม, CCTV, สระว่ายน้ำ, Fitness, สนามเด็กเล่น","-ห้างสรรพสินค้า
-เทสโก้ โลตัส นวนคร
-บิ๊กซี นวนคร
-ฟิวเจอร์ พาร์ค รังสิต
-แม็คโคร คลองหลวง
-อื่นๆ
-ทางด่วนบางปะอิน-ปากเกร็ด
-วงแหวนฯตะวันออก
-ตลาดโรงเกลือ
-ตลาดต่อยอด","","อยุธยา"
"ทาวน์โฮม","Townhome Pruksa Town Next Pinklao-Sai 4 PRUKSA TOWN Nexts Loft Pinklao-Sai 4","ทาวน์โฮม พฤกษาทาวน์เน็กซ์ ลอฟท์ ปิ่นเกล้า-สาย 4 PRUKSA TOWN NEXTS LOFT PINKLAO-SAI 4","","","กระทุ่มล้ม","สามพราน","นครปฐม","","","","รักษาความปลอดภัย 24 ชม, CCTV, สนามเด็กเล่น, สวนสาธารณะ/สวนหย่อม","– Central Plaza ศาลายา : 12.5 กม.
– Tesco Lotus ตลาด พุทธมณฑลสาย 4 (โลตัสขนาดกลาง) : 400 เมตร
– Tesco Lotus ศาลายา : 8.9 กม.
– Big C อ้อมใหญ่ : 11.3 กม.
– Big C เพชรเกษม : 8.0 กม.
– Big C เพชรเกษม 2 : 7.2 กม.
– The Mall บางแค : 11.0 กม.ตลาด
– ตลาดมาลี : 1.4 กม.
– ตลาดเก้าแสน : 9.6 กม.
– ตลาดพันล้าน : 11.1 กม.โรงพยาบาล
– โรงพยาบาลวิชัยเวช อินเตอร์เนชั่นแนล : 6.6 กม.
– โรงพยาบาลเกษมราษฎร์ : 10.7 กม.
– โรงพยาบาลธนบุรี 2 : 15.2 กม.
– โรงพยาบาลมหาชัย 2 : 9.5 กม.สถานศึกษา
– มหาวิทยาลัยมหิดล ศาลายา : 7.5 กม.
– มหาวิทยาลัยเอเชียอาคเนย์ : 6.2 กม.อื่นๆ
– สวนพุทธมณฑล : 5.5 กม.
– สถานีขนส่งสายใต้ใหม่ : 17.0 กม.","","นครปฐม พุทธมณฑล ศาลายา ศาลาธรรมสพน์ เลียบคลองทวีวัฒนา"
"บ้้านแฝด","Pruksa Salaya-Boromarajonani Baan Prksa Salaya-Boromratchonnee","พฤกษา ศาลายา-บรมราชชนนี Baan Pruksa Salaya-Boromratchonnee","","","บางกระทึก","สามพราน","นครปฐม","","","","รักษาความปลอดภัย 24 ชม, CCTV, สระว่ายน้ำ, Fitness, สนามเด็กเล่น, สวนสาธารณะ/สวนหย่อม","-การประปาส่วนภูมิภาคอ้อมน้อย 1.3 กม.
-ตลาดน้ำดอนหวาย 1.8 กม.
-ตลาดเสรี 2.8 กม.
-เซ็นทรัลศาลายา 4.3 กม.
-พุทธมณฑล 4.7 กม.
-วัดไร่ขิง 4.8 กม.
-ตลาดเก้าแสน 6.1 กม.
-ม.มหิดล 6.5 กม.
-ตลาดสมบูรณ์อ้อมน้อย 8.3 กม.
-เวทีมวยสยามอ้อมน้อย 9.4 กม.
-รพ.วิชัยเวช 13.2 กม.
-HomePro 13.8 กม.
-BigC เพชรเกษม2 13.8 กม.
-รร.เลิศหล้า 13.5 กม.
-BigC เพชรเกษม 15.4 กม.
-The Mall บางแค 18.5 กม.
-Lotus บางแค 19.5 กม.
-ตลาดสดบางแค 20.1 กม.
-Season บางแค 21.2 กม.
-ม.สยาม 23.4 กม.
-BTS สถานีบางหว้า 23.8 กม.","","นครปฐม พุทธมณฑล ศาลายา ศาลาธรรมสพน์ เลียบคลองทวีวัฒนา"
"บ้านเดี่ยว","Wiset Suk Nakorn 16-Pracha Uthit 90 Wisatesuknakorn 16-Prachauthit 90","วิเศษสุขนคร 16-ประชาอุทิศ 90 Wisatesuknakorn 16-Prachauthit 90","ประชาอุทิศ 90","ประชาอุทิศ","บ้านคลองสวน","พระสมุทรเจดีย์","สมุทรปราการ","","","","รักษาความปลอดภัย 24 ชม, CCTV, สนามเด็กเล่น, สวนสาธารณะ/สวนหย่อม","-บิ๊กซี ประชาอุทิศ 90
-มินิบิ๊กซี ประชาอุทิศ 90
-ตลาดวัดทุ่งครุ
-ตลาดประชาอุทิศ 90
-รร.สาสน์ประชาอุทิศพิทยาคาร
-รร.สารสาสน์วิเทศศึกษา
-ม.เทคโนโลยีพระจอมเกล้าธนบุรี
-สำนักงานเขตทุ่งครุ
-วัดทุ่งครุ","","ราษฎร์บูรณะ สุขสวัสดิ์ ประชาอุทิศ พระประแดง พุทธบูชา ทุ่งครุ"
"ทาวน์โฮม","Townhome Pruksa Ville 8 Songprapa Pruksa Ville 8 Songprapa","ทาวน์โฮม พฤกษาวิลล์ 8 สรงประภา Pruksa Ville 8 Songprapa","ซอยวัดเวฬุวนาราม 15","","ดอนเมือง","ดอนเมือง","กรุงเทพ","","","","รักษาความปลอดภัย 24 ชม, CCTV, สวนสาธารณะ/สวนหย่อม","-โรบินสัน ศรีสมาน
-เซียร์ รังสิต
-เซ็นทรัล แจ้งวัฒนะ
-เดอะมอลล์ งามวงศ์วาน
-พันธุ์ทิพย์ พลาซ่า งามวงศ์วาน
-อิมแพคอารีนา เมืองทองธานี
-ศูนย์การค้า ไอที สแควร์
-เมืองเอกวิสต้า กอล์ฟคอร์ส
-สนามกอล์ฟเมืองเอก
-สนามบินดอนเมือง
-รร.ดอนเมืองทหารอากาศบํารุง
-ศูนย์ราชการ แจ้งวัฒนะ
-ม.เกษตรศาสตร์
-ม.ธุรกิจบัณฑิตย์
-ม.รังสิต
-รพ.ภูมิพล
-รพ.วิภาวดี","","สะพานใหม่ วิภาวดี ดอนเมือง สรงประภา หลักสี่"
"ทาวน์โฮม","Ban Pruksa Townhome 93 (Phahonyothin-Nava Nakorn) Baan Prksa 93 Paholyothin Navanakorn","ทาวน์โฮม บ้านพฤกษา 93 (พหลโยธิน-นวนคร) BAAN PRUKSA 93 PAHOLYOTHIN NAVANAKORN","","","คลองหนึ่ง","คลองหลวง","ปทุมธานี","","","","รักษาความปลอดภัย 24 ชม, CCTV, สนามเด็กเล่น, สวนสาธารณะ/สวนหย่อม","-มหาวิทยาลัยธรรมศาสตร์
-มหาวิทยาลัยราชภัฏวลัยลงกรณ์
-ศูนย์การเรียนรู้ท่าโขลง
-โรงเรียนวันครู
-Big-C
-Lotus
- เจ อเวนิว
-ฟิวเจอร์ พาร์ค
-ตลาดไท
-โรงพยาบาลนวนคร
- กรมที่ดิน
-แขวงการทางปทุมธานี
-พิพิธภัณฑ์เกษตรเฉลิมพระเกียรติ
-นิคมอุตสาหกรรมนวนคร
-วัดทวีการะอนันต์","","ปทุมธานี ลำลูกกา รังสิต ธรรมศาสตร์ คลองหลวง"
"ทาวน์โฮม","Townhouse, Bua Thong Thani Village 4","ทาวเฮาส์ หมู่บ้านบัวทองธานี 4","","","บางบัวทอง","บางบัวทอง","นนทบุรี","","","","รักษาความปลอดภัย 24 ชม, CCTV","-โรงพยาบาลบางใหญ่
-เซ็นทรัลเวสเกต
-ตลาดบางใหญ่
-แม็คโครบางบัวทอง
-ตลาดสมบัติบุรี
-อีเกียบางใหญ่
-สถานีตำรวจบางบัวทอง
-ตลาดนัดบัวทองธานี
-ดูโฮมบางบัวทอง","","นนทบุรี บางใหญ่ บางบัวทอง ไทรน้อย ไทรม้า ท่าอิฐ"
"ทาวน์โฮม","Bua Thong Thani Park Village","หมู่บ้าน บัวทองธานี พาร์ค","","บางกรวย-ไทรน้อย","บางบัวทอง","บางบัวทอง","นนทบุรี","","","","รักษาความปลอดภัย 24 ชม, CCTV, สวนสาธารณะ/สวนหย่อม","-ใกล้ตลาดสมบัติบุรี
-โรงเรียนสารสาสน์บางบัวทองไทรน้อย
-ตลาดบางบัวทอง 
-เซ็นทรัลเวสต์เกต
-อิเกียบางใหญ่ 
-โรงพยาบาลไทรน้อย
-โรงพยาบาลเกษมราษฏร์
","","นนทบุรี บางใหญ่ บางบัวทอง ไทรน้อย ไทรม้า ท่าอิฐ"
"บ้านเดี่ยว","Park Park 3 Ring Arts-Rattanathibet Sinlapakarn Park 3 Wongwaen-Rattanathibet","ศิลปการพาร์ค 3 วงแหวน-รัตนาธิเบศร์ Sinlapakarn Park 3 Wongwaen-Rattanathibet","","","พิมลราช","บางบัวทอง","นนทบุรี","","","","รักษาความปลอดภัย 24 ชม, CCTV, สนามเด็กเล่น, สวนสาธารณะ/สวนหย่อม","
-MaxValu
-เซ็นทรัล เวสต์เกต
-อิเกีย บางใหญ่
-รร.บางบัวทอง
-รร.วัดลาดปลาดุก
-รร.เต็มรักศึกษา
-รร.กสิณธรเซนต์ปีเตอร์
-รพ.บางบัวทอง
-รพ.เกษมราษฎร์
-ถนนกาญจนาภิเษก
-ถนนชัยพฤกษ์
-ถนนนครอินทร์
-ทางพิเศษศรีรัช-วงแหวนรอบนอก
-รถไฟฟ้าสายสีม่วง สถานีคลองบางไผ่","","นนทบุรี บางใหญ่ บางบัวทอง ไทรน้อย ไทรม้า ท่าอิฐ"
"ทาวน์โฮม","Phimonrat 1 Village, next to Ban Kluai-Sai Noi Road, Phimonrat Subdistrict, Bang Bua Thong District","หมู่บ้านพิมลราช 1 ติดถนนบ้านกล้วย-ไทรน้อย ต.พิมลราช อ.บางบัวทอง","","บ้านกล้วย-ไทรน้อย","พิมลราช","บางบัวทอง","นนทบุรี","","","","รักษาความปลอดภัย 24 ชม, CCTV, สวนสาธารณะ/สวนหย่อม","-เดอะมอลล์งามวงศ์วาน
-เซ็นทรัลเวสท์เกต
-ตลาดบางบัวทอง
-โครงการคิดถนนบ้านกล้วย-ไทรน้อย","","นนทบุรี บางใหญ่ บางบัวทอง ไทรน้อย ไทรม้า ท่าอิฐ"
"ทาวน์โฮม","Pruksa Village, 3 Soi, Lat Pla Duk Temple","หมู่บ้านพฤกษา 3 ซ.วัดลาดปลาดุก","","","บางคูรัด","บางบัวทอง","นนทบุรี","","","","รักษาความปลอดภัย 24 ชม, สนามเด็กเล่น, สวนสาธารณะ/สวนหย่อม","-รถไฟฟ้าสายสีม่วง สถานีคลองบางไผ่
-Max Value
-บิ๊กซี
-เซ็นทรัล เวสต์เกท","","นนทบุรี บางใหญ่ บางบัวทอง ไทรน้อย ไทรม้า ท่าอิฐ"
"ทาวน์โฮม","Lat Da Dail Village 3, Ban Kluai-Sai Noi","หมู่บ้านลัดดาวิลล์ 3 บ้านกล้วย-ไทรน้อย","","บ้านกล้วย-ไทรน้อย","พิมลราช","บางบัวทอง","นนทบุรี","","","","รักษาความปลอดภัย 24 ชม, CCTV","-รถไฟฟ้าสายสีม่วง สถานีคลองบางไผ่
-ห้างเซ็นทรัลเวสท์เกต
-Big C รัตนาธิเบศร์, โฮมโปร, บิ๊กคิงส์
-โรงพยาบาลเกษมราษฎร์รัตนาธิเบศร์","","นนทบุรี บางใหญ่ บางบัวทอง ไทรน้อย ไทรม้า ท่าอิฐ"
"ทาวน์โฮม","Piamsuk Pinklao Kanchana Village","หมู่บ้านเปี่ยมสุข ปิ่นเกล้า กาญจนา","","กาญจนาภิเษก","บางคูเวียง","บางกรวย","นนทบุรี","","","","รักษาความปลอดภัย 24 ชม, CCTV, สระว่ายน้ำ, Fitness, สวนสาธารณะ/สวนหย่อม","รร.เทพศิรินทร์ นนทบุรี
เทสโก้ โลตัส พลัสมอลล์ บางใหญ่
รร.เด่นหล้า
เดอะวอล์ค ราชพฤกษ์
เซ็นทรัล เวสต์เกต
บิ๊กซี บางใหญ่
รพ.เกษมราษฎร์ รัตนาธิเบศร์","","นนทบุรี บางใหญ่ บางบัวทอง ไทรน้อย ไทรม้า ท่าอิฐ"
"ทาวน์โฮม","Pruksa Village 60 Rangsit-Bang Phun","หมู่บ้าน พฤกษา 60 รังสิต-บางพูน","","","บางพูน","เมือง","ปทุมธานี","","","","สวนสาธารณะ/สวนหย่อม","-ตลาดสดพูนทรัพย์
-โรงพยาบาลกรุงสยามเซนต์คาลอส 3 กม.
-สถานีตำรวจภูธรตำบลสวนพริกไทย 5 กม.
-นิคมอุตสาหกรรมบางกะดี
-ฟิวเจอร์ปารค์ รังสิต
-เทสโก้ โลตัส รังสิต","","ปทุมธานี ลำลูกกา รังสิต ธรรมศาสตร์ คลองหลวง"
"บ้านเดี่ยว","Casa Premium Rama 2","คาซ่า พรีเมียม พระราม 2","","กาญจนาภิเษก (เลียบวงเเหวนใต้)","ท่าข้าม","บางขุนเทียน","กรุงเทพ","","","","รักษาความปลอดภัย 24 ชม, CCTV, สนามเด็กเล่น, สวนสาธารณะ/สวนหย่อม, สโมสร (clubhouse)","– ใกล้จุดขึ้น-ลง ทางด่วน เฉลิมมหานคร
– ใกล้จุดขึ้น-ลง มอเตอร์เวย์ (วงแหวนกาญจนาฝั่งใต้)
– รร.สวนกุหลาบ ธนบุรี 1.4 กม.
– ตลาดใหม่ทุ่งครุ 8.0 กม.
– ม.บางมด 7.7 กม.
– รพ.บางมด 9.1 กม.
– The Bright 8.4 กม.
– เซ็นทรัล พระราม 2 7.1 กม.
– โลตัส พระราม2 6.5 กม.
– บิ๊กซี พระราม2 7.1กม.
– โรงพยาบาล พระราม 2 7.0 กม.","","พระราม 2 บางขุนเทียน ท่าข้าม เทียนทะเล"
"ทาวน์โฮม","The Modern Bang Bua Thong Village","หมู่บ้าน เดอะ โมดิช บางบัวทอง","","","ลำโพ","บางบัวทอง","นนทบุรี","","","","รักษาความปลอดภัย 24 ชม","-โรงเรียนสารสาสน์บางบัวทอง 
-โรงเรียนกสิณธรเซนต์ปีเตอร์
-ตลาดสมบัติบุรี 
-สภ.บางบัวทอง 
-ตลาดบางใหญ่ 
-บิ๊กซีบางใหญ่ 
-เซ็นทรัลเวสต์เกต
-โลตัส ไทรน้อย","","นนทบุรี บางใหญ่ บางบัวทอง ไทรน้อย ไทรม้า ท่าอิฐ"
"บ้านเดี่ยว","Bua Thong Thani Park","บัวทองธานีพาร์ค","","","บางบัวทอง","บางบัวทอง","นนทบุรี","","","","","-ตลาดสมบัติบุรี
-โรงเรียนสารสาสน์บางบัวทองไทรน้อย 
-ตลาดบางบัวทอง 
-เซ็นทรัลเวสต์เกต 
-อิเกียบางใหญ่ 
-โรงพยาบาลไทรน้อย 
-โรงพยาบาลเกษมราษฎร์บางใหญ่","","นนทบุรี บางใหญ่ บางบัวทอง ไทรน้อย ไทรม้า ท่าอิฐ"
"ทาวน์โฮม","Pruksa Village 18, Bang Yai (Soi Kaew In)","หมู่บ้านพฤกษา 18 บางใหญ่ (ซอยเเก้วอินทร์)","แก้วอินทร์","","บางเเม่นาง","บางใหญ่","นนทบุรี","","","","สนามเด็กเล่น, สวนสาธารณะ/สวนหย่อม","-7-11 ตรงข้ามโครงการ
-เซ็นทรัล เวสต์เกต
-อิเกีย บางใหญ่
-เทสโก้ โลตัส พลัสมอลล์
-บิ๊กซี บางใหญ่
-Index Living Mall
-โฮมโปร
-รพ.เกษมราษฎร์
-รพ.อนุบาลเด่นหล้า พระราม 5
-รพ.เทพศิรินทร์","","นนทบุรี บางใหญ่ บางบัวทอง ไทรน้อย ไทรม้า ท่าอิฐ"
"ทาวน์โฮม","Yu Charoen-Boonma Village","หมู่บ้านอยู่เจริญ-บุญมา","เถิดราชัน43","เถิดราชัน","สีกัน","ดอนเมือง","กรุงเทพ","","","","","- โรงเรียนทุ่งสีกัน
- โรงเรียนอนุบาลธนินทร
- โรงเรียนเจริญวิทยศึกษา
- โรงเรียนบำรุงรวิวรรณวิทยา
- สวนสุขภาพดอนเมือง
- สถานีตำรวจนครบาลดอนเมือง
- โรงเรียนดอนเมืองทหารอากาศบำรุง
- ธนาคาร กรุงศรีอยุธยา จำกัด สาขาถนนวิภาวดีรังสิต (ดอนเมือง)
- ธนาคาร กรุงศรีอยุธยา จำกัด สาขาถนนสรงประภา (ดอนเมือง)
- โรงเรียนพระหฤทัย ดอนเมือง
- โรงเรียนสีกัน (วัฒนานันท์อุปถัมภ์)
- ตลาดนัดบุญอนันต์","","สะพานใหม่ วิภาวดี ดอนเมือง สรงประภา หลักสี่"
"ทาวน์โฮม","J City Rattanathibet-Bang Bua Thong","เจ ซิตี้ รัตนาธิเบศร์-บางบัวทอง","","","โสนลอย","บางบัวทอง","นนทบุรี","","","","รักษาความปลอดภัย 24 ชม, CCTV, สระว่ายน้ำ","– ตลาดบางบัวทอง 0.3 กม.
– Central Westgate 7 กม.
– Central รัตนาธิเบศร์ 15 กม.
– Home Pro บางใหญ่ 6 กม.
– Home Pro ราชพฤกษ์ 14 กม.
– Big C บางใหญ่ 5 กม.
– Lotus บางใหญ่ 12 กม.
– ตลาดเจ้าพระยา 6.8 กม.
– ตลาดบางใหญ่ 10 กม.
– ท่าน้ำนนท์ 11 กม.
– โรงเรียนเตรียมอุดม นนทบุรี 14 กม.
– อนุบาลเด่นหล้า 14 กม.
– โรงพยาบาลเกษมราษฎร์ รัตนาธิเบศร์ 5 กม.
– สถานีรถไฟฟ้าบางพลู 6 กม.
– สถานีรถไฟฟ้าคลองบางไผ่ 5 กม.","","นนทบุรี บางใหญ่ บางบัวทอง ไทรน้อย ไทรม้า ท่าอิฐ"
"ทาวน์โฮม","Pruksa Ville Village 32-Rama 2","หมู่บ้านพฤกษาวิลล์32-พระราม2","พระราม2ซอย74","","แสมดำ","บางขุนเทียน","กรุงเทพ","","","","รักษาความปลอดภัย 24 ชม, CCTV, Fitness, สนามเด็กเล่น, สวนสาธารณะ/สวนหย่อม","-เซ็นทรัล พระราม 2
-บิ๊กซี พระราม 2
-เทสโก้ โลตัส พระราม 2
-โฮมโปร พระราม 2
-รร.รุ่งอรุณ
-รร.ทานตะวันไตรภาษา
-รร.พระยามนธาตุราชศรีพิจิตร์
-รพ.บางมด
-รพ.นครธน","","พระราม 2 บางขุนเทียน ท่าข้าม เทียนทะเล"
"บ้านแฝด","Pin Charoen Village 1","หมู่บ้านปิ่นเจริญ1","","","สีกัน","ดอนเมือง","กรุงเทพ","","","","","-รร.พระหฤทัยคอนแวนต์
-เทคนิคดอนเมือง
-สนง.เขตดอนเมือง
-ตลาดฝั่งโขง
-สนามบินดอนเมือง
-ทางขึ้น-ลงทางด่วนอุตราภิมุข","","สะพานใหม่ วิภาวดี ดอนเมือง สรงประภา หลักสี่"
"อาคารพาณิชย์","Khi Nuch Village","หมู่บ้านขจีนุช","","","คลองพระอุดม","ลาดหลุมแก้ว","ปทุมธานี","","","","","การเดินทาง
- เดินทางสะดวกได้หลายทาง เส้น345
-ถนนราชพฤกษ์ ,ติวานนท์ ปทุมธานี
-ถนนปากเกร็ด ถนน สะพานนนทบุรี-บางบัวทอง
-ใกล้สะพานนวลฉวี , โรงเรียนสาธิตปทุม
สถานที่ใกล้เคียง
- ใกล้โรงเรียนสารสาสทน์
- ใกล้โรงเรียนสาธิตปทุม
- ใกล้ห้างโรบินสันศรีสมาน
- ใกล้ห้างบิ๊กซี ปทุมธานี
- ใกล้โรงพยาบาล วิภาราม
- ใกล้ศูนย์การค้า เดอะทรี
- ใกล้โรงเรียนสวนกุหลาบ
","","ปทุมธานี ลำลูกกา รังสิต ธรรมศาสตร์ คลองหลวง"
"ทาวน์โฮม","The Modern Bang Bua Thong Village","หมู่บ้านเดอะโมดิช บางบัวทอง","","","ลำโพ","บางบัวทอง","นนทบุรี","","","","","- ใกล้โรงเรียนสารสาสน์บางบัวทอง 
-ห้างสรรพสินค้าเซ็นทรัลเวสท์เกต
-วัดทองสะอาด
-ตลาดต้นไม้สมบัติบุรี 
-แม็คโคร สาขาบางบัวทอง
-BTS สถานีคลองบางไผ่","","นนทบุรี บางใหญ่ บางบัวทอง ไทรน้อย ไทรม้า ท่าอิฐ"
"ที่ดินเปล่า","Land for sale","ขายที่ดินเปล่า","","","บางเดื่อ","เมืองปทุมธานี","ปทุมธานี","","","","","-","","ปทุมธานี ลำลูกกา รังสิต ธรรมศาสตร์ คลองหลวง"
"ทาวน์โฮม","Chat Pailin Village","หมู่บ้านฉัตรไพลิน","","","ระแหง","ลาดหลุมแก้ว","ปทุมธานี","","","","","การประปาส่วนภูมิภาค ปทุมธานี
โรงพยาบาล ปทุมธานี
ศาลจังหวัดปทุมธานี
เทสโก้ โลตัส สาขาปทุมธานี
การไฟฟ้าส่วนภูมิภาค ปทุมธานี
ร.ร.ปทุมวิไล
ร.ร.สาธิตปทุม
ศาลากลางปทุมธานี
สถานีตำรวจปทุมธานี","","ปทุมธานี ลำลูกกา รังสิต ธรรมศาสตร์ คลองหลวง"
"ทาวน์โฮม","Dan Thong Village Village","หมู่บ้านแดนทอง วิลเลจ","","","บางโพเหนือ","สามโคก","ปทุมธานี","","","","","1.โรงเรียนปทุมวิไล
2.โรงพยาบาลปทุมธานี
3.ศาลจังหวัด
4.ศาลหลักเมือง
5.ไปรษณีย์สามโคก
6.Global House
7.สำนักงานเทศบาลตำบลบางเตย
8.วัดชัยสิทธาวาส
9.สำนักงานเทศบาลตำบลสามโคก
10.สำนักงานเขตพื้นที่การศึกษาประถมปทุมธานี
11.ร้านเอลวิส สุกี้","","ปทุมธานี ลำลูกกา รังสิต ธรรมศาสตร์ คลองหลวง"
"ทาวน์โฮม","Prachasuk Lake and Mall Village","หมู่บ้าน ประชาสุขเลคแอนด์มอลล์","พระราม2ซอย60/1","พระราม2","แสมดำ","บางขุนเทียน","กรุงเทพ","","","","รักษาความปลอดภัย 24 ชม, CCTV, สนามเด็กเล่น, สวนสาธารณะ/สวนหย่อม","-บิ๊กซี พระราม 2
-เทสโก้ โลตัส พระราม 2
-โรงพยาบาลพระราม 2
-โรงพยาบาลนครธน
-เซ็นทรัล พระราม 2
-สน. ท่าข้าม","","พระราม 2 บางขุนเทียน ท่าข้าม เทียนทะเล"
"ทาวน์โฮม","Kasem Suk Phetkasem Village 53","หมู่บ้านเกษมสุข เพชรเกษม 53","เพชรเกษม53","","บางแคเหนือ","บางแค","กรุงเทพ","","","","","สถานีรถไฟฟ้า MRT หลักสอง (เดอะมอลล์บางแค), เดอะมอลล์บางแค
-โรงพยาบาล เกษมราษฎร์ บางแค
-โรงเรียนอนุบาลเศรษฐราณี
-โรงเรียนบางแค(เนื่องสังวาลย์)
-โรงเรียน อำนวยศิลป์ธนบุรี
- ตลาดบางแค
-บิ๊กซีเพชรเกษม
-เทสโก้ โลตัส บางแค","","บางแค เพชรเกษม ภาษีเจริญ หนองแขม"
"ทาวน์โฮม","Kornwika Village","หมู่บ้านกรวิกา","","","สีกัน","ดอนเมือง","กรุงเทพ","","","","","1.สนามบินดอนเมือง
2.สำนักงานเขตดอนเมือง 
3.โรงเรียนนานาชาติ Harrow 
4.โรงเรียนพระหฤทัยดอนเมือง
5.บิกซี แจ้งวัฒนะ 
6.วัดดอนเมือง 
7.วัดสีกัน","","สะพานใหม่ วิภาวดี ดอนเมือง สรงประภา หลักสี่"
"ทาวน์โฮม","Pongsirichai 4 Village, Petchkasem 81","หมู่บ้าน พงษ์ศิริชัย4 เพชรเกษม81","เพชรเกษม81","","หนองค้างพลู","หนองแขม","กรุงเทพ","","","","","– บิ๊กซี เพชรเกษม
– โลตัส เอ็กซ์เพลส
– วิคตอเรีย การ์เด้น เพชรเกษม
– เดอะทรี บางบอน
– บีบี 3 เซ็นเตอร์ พ้อยท์ บางบอน 3
– บิ๊กซี เอ็กซ์ตร้า เพชรเกษม 2
– โฮมโปร
– เดอะมอลล์ บางแค
– สำเพ็ง 2
– โรงพยาบาลเกษมราษฏร์-บางแค
– โรงพยาบาลวิชัยเวช อินเตอร์เนชั่นแนล หนองแขม
– โรงเรียนอนุบาลเด่นหล้า
– โรงเรียนกรพิทักษ์ศึกษา บางแค
– โรงเรียนสารสาสน์วิเทศบางบอน
– โรงเรียนสารสาสน์วิเทศหนองแขม
– โรงเรียนปัญญาศักดิ์บางบอน
– มหาวิทยาลัยเอเชียอาคเนย์","","บางแค เพชรเกษม ภาษีเจริญ หนองแขม"
"ที่ดินเปล่า","Vacant Land, Ban Mai Subdistrict, Bang Yai District, Nonthaburi","ที่ดินเปล่า อบต.บ้านใหม่ อำเภอบางใหญ่ นนทบุรี","","","บ้านใหม่","บางใหญ่","นนทบุรี","","","","","-อบต.บ้านใหม่ 
-ใกล้มอเตอร์เวย์ฯบางใหญ่-กาญจนบุรี
-เซ็นทรัลเวสต์เกต บางใหญ่ เพียง 15 นาที
- รถไฟฟ้า MRT สายสีม่วง สถานีคลองบางไผ่และสถานีตลาดบางใหญ่ เพียง 12 นาที 
- ตลาดบางใหญ่ , BB Market เพียง 15 นาที 
- Big C บางใหญ่ เพียง 15 นาที 
- HomePro บางใหญ่ เพียง 15 นาที 
- โรงพยาบาลเกษมราษฏร์ เพียง 15 นาที 
- มหาวิทยาลัยมหิดล ศาลายา เพียง 12 นาที
- เซ็นทรัลศาลายา เพียง 20 นาที
- Makro ศาลายา เพียง 15 นาที
- Tesco Lotus ศาลายา เพียง 20 นาที
- HomePro ศาลายา เพียง 20 นาที
- มอเตอร์เวย์ฯบางใหญ่-กาญจนบุรี 5 นาที (ระหว่างก่อสร้าง)
- รถไฟฟ้าสายสีแดงอ่อน สถานีศาลายา 12 นาที (อนุมัติเรียบร้อย)
- ถนนพุทธมณฑลสาย 3 ส่วนต่อขยาย เพียง 5 นาที (ระหว่างดำเนินการ)
- ทางขึ้น-ลง ส่วนต่อขยาย ทางคู่ขนานลอยฟ้าบรมราชชนนี 15 นาที (ระหว่างดำเนินการ)
- ทางขึ้น-ลง มอเตอร์เวย์วงแหวนรอบที่ 3 เพียง 15 นาที (ระหว่างดำเนินการ)
- สนามบินนครปฐม (บางเลน-นครชัยศรี) เพียง 15 นาที (อนุมัติเรียบร้อย)","","นนทบุรี บางใหญ่ บางบัวทอง ไทรน้อย ไทรม้า ท่าอิฐ"
"อาคารพาณิชย์","Commercial building J-biz Rangsit Khlong Nueng","อาคารพาณิชย์ J-BIZ รังสิต คลองหนึ่ง","","","ประชาธิปัตย์","ธัญบุรี","ปทุมธานี","","","","","– เทศโก้ โลตัส รังสิต
– ฟิวเจอร์พาร์ค รังสิต
– Major Cineplex รังสิต
– ตลาดสดสะพานแดงคลองหนึ่ง
– ตลาดรังสิต
– ตลาดสะพานแดงมาร์เก็ต
– ตลาดเบญจทรัพย์
– ตลาดน้ำนครรังสิต","","ปทุมธานี ลำลูกกา รังสิต ธรรมศาสตร์ คลองหลวง"
"ทาวน์โฮม","The Village of Darker City Petchkasem 69","หมู่บ้านเดอะเนเจอร์ซิตี้ เพชรเกษม69","","","หนองแขม","หนองแขม","กรุงเทพ","","","","รักษาความปลอดภัย 24 ชม, CCTV, สวนสาธารณะ/สวนหย่อม","-เจ้าสัว 69
-Victoria Gardens
-Big C เพชรเกษม
-Major Cineplex เพชรเกษม
-Big C Extra เพชรเกษม
-Home Pro เพชรเกษม
-Makro เพชรเกษม
-The Mall บางแค
-ตลาดคลองขวาง
-ตลาดหนองแขม","","บางแค เพชรเกษม ภาษีเจริญ หนองแขม"
"คอนโดมิเนียม","Condo Caza Fresh EBAC Bangna","คอนโดคาซ่าฟร้านซ์ เอแบค บางนา","","บางนาตราด","บางเสาธง","บางเสาธง","สมุทรปราการ","","","","รักษาความปลอดภัย 24 ชม, CCTV, สระว่ายน้ำ, Fitness, ซัก อบ รีด","-มหาวิทยาลัยเอแบค (ABAC) วิทยาเขตบางนา
-สนามบินสุวรรณภูมิ
- เมกะซิตี้บางนา","","บางนา สรรพวุธ ลาซาล แบริ่ง สันติคาม ม.รามคำแหง 2 เมกะบางนา เอแบคบางนา"
"บ้านเดี่ยว","Manthana Bang Yai Village","หมู่บ้านมัณฑนาบางใหญ่","","กาญจนาภิเษก","บางรักพัฒนา","บางบัวทอง","นนทบุรี","","","","รักษาความปลอดภัย 24 ชม, สระว่ายน้ำ, Fitness","1.สถานีรถไฟฟ้าคลองไผ่
2.โรงพยาบาลเกษมราษฎร์รัตนาธิเบศร์อินเตอร์เนชั่นแนล
3.big c extra
4.ตลาดบางใหญ่
5.โรงเรียนกสิณธรเซนต์ปีเตอร์","","นนทบุรี บางใหญ่ บางบัวทอง ไทรน้อย ไทรม้า ท่าอิฐ"
"บ้านเดี่ยว","The City Bang Yai","the city บางใหญ่","","กาญจนาภิเษก","เสาธงหิน","บางใหญ่","นนทบุรี","","","","รักษาความปลอดภัย 24 ชม, สระว่ายน้ำ, Fitness, สนามเด็กเล่น, ห้องประชุม","- เซ็นทรัลเวสเกต
- โรงพยาบาลเกษมราษฎร์อินเตอร์
- โรงเรียนกสินธร
- รถไฟฟ้าสีม่วงสถานีคลองบางไผ่","","นนทบุรี บางใหญ่ บางบัวทอง ไทรน้อย ไทรม้า ท่าอิฐ"
"ทาวน์โฮม","Pruksa Ville 53/1 Village","หมู่บ้านพฤกษาวิลล์53/1 สะเเกงาม","","พระราม 2","แสมดำ","บางขุนเทียน","กรุงเทพ","","","","รักษาความปลอดภัย 24 ชม, CCTV, สนามเด็กเล่น, สวนสาธารณะ/สวนหย่อม","-คาร์ฟู พระราม 2
- รพ.พระราม 2
-สถานีดับเพลิงบางขุนทียน
-การไฟฟ้าบางขุนเทียน
-รพ.บางกอก 8 อินเตอร์
-สนง.เขตบางขุนเทียน
-รพ.นครธน
-บิ๊กซี พระราม 2
-โฮมโปร พระราม 2
-เซ็นทรัลพระราม 2","","พระราม 2 บางขุนเทียน ท่าข้าม เทียนทะเล"
"ทาวน์โฮม","The Emerald Park Village 3","หมู่บ้านดิเอมเมอรัลด์ พาร์ค3","","","บางพลับ","ปากเกร็ด","นนทบุรี","","","","","- ร้านสะดวกซื้อได้แก่ 7-11 Lotus-Express
- ตลาดบางบัวทอง
- กรมที่กินบางบัวทอง
- ห้างสรรพสินค้าเซ็นทรัลเวสต์เกต
- รพ.เกษมราษฏร์ รัตนาธิเบศร์, รพ.บางบัวทอง
- วัดละหาร, วัดเล่งเน่ยยี่2
- โรงเรียนกสิณธรเซนต์ปีเตอร์","","นนทบุรี บางใหญ่ บางบัวทอง ไทรน้อย ไทรม้า ท่าอิฐ"
"ทาวน์โฮม","Eklada Village","หมู่บ้านเอกลดา","","รัตนาธิเบศร์","บางรักพัฒนา","บางบัวทอง","กรุงเทพ","","","","","- โรงพยาบาลเกษมราษฎร์
- รถไฟฟ้าสายสีม่วง #สถานีบางพลู #สถานีสามแยกบางใหญ่
- เซ็นทรัลพลาซา เวสต์เกต และอีเกีย บางใหญ่
- โฮมโปร และบิ้กซี สาขารัตนาธิเบศร์
- ตลาดบางใหญ่
- โรงพยาบาลชลลดา เทศบาลบางบัวทอง
- โรงเรียนบางบัวทองราษฎร์บํารุง","","นนทบุรี บางใหญ่ บางบัวทอง ไทรน้อย ไทรม้า ท่าอิฐ"
"บ้านเดี่ยว","Perfect Masterpiece Century Rattanathibet","Perfect Masterpiece Century รัตนาธิเบศร์","","รัตนาธิเบศร์","ไทรม้า","เมืองนนทบุรี","นนทบุรี","","","","รักษาความปลอดภัย 24 ชม, CCTV, สระว่ายน้ำ, Fitness, สวนสาธารณะ/สวนหย่อม","-เดอะคริสตัล พีทีที
-เซ็นทรัล เวสท์เกต
-เซ็นทรัล รัตนาธิเบศร์
-Mini BigCท่าอิฐ
-เทสโก้ โลตัส,ตลาดท่าอิฐ 
-เอสพลานาด งามวงศ์วาน
-สนง.สลากกินแบ่ง
-โรงพยาบาลเกษมราษฎร์
-พันธุ์ทิพย์ พลาซ่า งามวงศ์วาน
-โรงเรียนศรีบุญยานนท์
-โรงเรียนนานาชาติ GES
-โรงเรียนนานาชาติ St.Andrews สามัคคี
-โรงเรียนเบญจมราชานุสรณ์
-โรงเรียนนานาชาติ ISB
-โรงเรียน.นานาชาติแมจิกเยียร์ส
-มหาวิทยาลัยเทคโนโลยีราชมงคลสุวรรณภูมิ
-มหาวิทยาลัยธุรกิจบัณฑิตย์","","นนทบุรี บางใหญ่ บางบัวทอง ไทรน้อย ไทรม้า ท่าอิฐ"
"ทาวน์โฮม","Sinthawa Thian Thale Village 2","หมู่บ้านสินทวีเทียนทะเล2","เทียนทะเล20","สะแกงาม","แสมดำ","บางขุนเทียน","กรุงเทพ","","","","รักษาความปลอดภัย 24 ชม, สนามเด็กเล่น, สวนสาธารณะ/สวนหย่อม","-มหาวิทยาลัยเทคโนโลยีพระจอมเกล้าธนบุรี วิทยาเขตบางขุนเทียน
– วิทยาลัยเทคโนโลยีปทีปพลีผล
– โรงเรียนทวีธาภิเศกบางขุนเทียน
– โรงเรียนหมู่บ้านเกาะโพธิ์
– โรงเรียนวัดประชาบำรุง
– โรงเรียนพิทยาลงกรณ์พิทยาคม","","พระราม 2 บางขุนเทียน ท่าข้าม เทียนทะเล"
"ทาวน์โฮม","Plino Village Suksawat-Rama 3","หมู่บ้านพลีโน่ สุขสวัสดิ์-พระราม3","","สุขสวัสดิ์","บางปะกอก","ราษฎร์บูรณะ","กรุงเทพ","","","","รักษาความปลอดภัย 24 ชม, CCTV","– รถไฟฟ้า MRT สายสีม่วง สถานีบางปะกอก 4.0 กม.
– วัดพุทธบูชา 4.0 กม.
– รพ.ราษฏร์บูรณะ 4.6 กม.
– บิ๊กซี บางปะกอก 4.8 กม.
– เทสโก้ โลตัส บางปะกอก 5.4 กม.
– ม.เทคโนโลยีพระจอมเกล้าธนบุรี 5.2 กม.
– รพ.บางปะกอก 5.2 กม.
– Major Hollywood 5.8 กม.
– รร.รุ่งอรุณ 5.8 กม.
– รพ.บางปะกอก 9 International 8.1 กม.
– รร. สวนกุหลาบ ธนบุรี 8.0 กม.
– สน.ราษฏร์บูรณะ 6.1 กม.
– เซ็นทรัลพระราม 2 10 กม.","","ราษฎร์บูรณะ สุขสวัสดิ์ ประชาอุทิศ พระประแดง พุทธบูชา ทุ่งครุ"
"ทาวน์โฮม","Pruksa Ville Village 32 Bang Khun Thian Rama 2","หมู่บ้านพฤกษาวิลล์32 บางขุนเทียน พระราม2","พระราม2ซอย74","","แสมดำ","บางขุนเทียน","กรุงเทพ","","","","รักษาความปลอดภัย 24 ชม, CCTV, สนามเด็กเล่น, สวนสาธารณะ/สวนหย่อม","-เซ็นทรัล พระราม 2
-บิ๊กซี พระราม 2
-เทสโก้ โลตัส พระราม 2
-โฮมโปร พระราม 2
-รร.รุ่งอรุณ
-รร.ทานตะวันไตรภาษา
-รร.พระยามนธาตุราชศรีพิจิตร์
-รพ.บางมด
-รพ.นครธน","","พระราม 2 บางขุนเทียน ท่าข้าม เทียนทะเล"
"โรงแรม","Tawan Anda Garden Hotel","โรงแรม ตะวัน อันดา การ์เด้น","","พ่อขุนทะเล","มะขามเตี้ย","เมือง","สุราษฎร์ธานี","","","","","มหาวิทยาลัยราชภัฏสุราษฎร์ธานี, เซ็นทรัลพลาซา สุราษฎร์ธานี, เทสโก้ โลตัส สุราษฏร์ธานี, แม็คโคร สุราษฎร์ธานี","","สมุย สุราษฎร์ธานี"
"โกดัง/โรงงาน","Bang Pu Tanne Factory 52","โรงงาน ฟอกหนัง บางปู 52","บางปู 52","สุขุมวิท","ท้ายบ้าน","เมือง","สมุทรปราการ","","","","","สถานี รถไฟฟ้าเคหะ E23 โรบินสัน สมุทรปราการ, บิ๊กซี ,ตากอากาศบางปู, ถนนสุขุมวิท, วัดอโศกราม , นิคมอุตสาหกรรมบางปู , ถนนสุขุมวิท, โลตัสสายลวด, ตลาดปากน้ำ , รพ.ปาโลสมุทรปราการ , ตลาดแบล๊คมารเก็ต","","เทพารักษ์ บางพลี สำโรง แพรกษา ปู่เจ้าสมิงพราย ศรีด่าน ปากน้ำ บางปู สมุทรปราการ"
"ทาวน์โฮม","Plino Village Suksawat-Pracha Uthit 60","หมู่บ้านพลีโน่ สุขสวัสดิ์-ประชาอุทิศ 60","ประชาอุทิศ 60","","ทุ่งครุ","ทุ่งครุ","กรุงเทพ","","","","รักษาความปลอดภัย 24 ชม, CCTV, สระว่ายน้ำ, Fitness, สนามเด็กเล่น, สวนสาธารณะ/สวนหย่อม, สโมสร (clubhouse)","-รร.นาหลวง
-รร.อิสลามวิทยาลัยแห่งประเทศไทย
-ม.เทคโนโลยีพระจอมเกล้าธนบุรี
-เซ็นทรัล พระราม 2
-MaxValu
-บิ๊กซี พระราม 2
-เทสโก้ โลตัส พระราม 2
-Home Pro พระราม 2
-รพ.บางปะกอก
-รพ.บางปะกอก 3
-รพ.บางปะกอก 9
-รพ.นครธน","","ราษฎร์บูรณะ สุขสวัสดิ์ ประชาอุทิศ พระประแดง พุทธบูชา ทุ่งครุ"
"บ้านเดี่ยว","Pracha Rama 2 Village","หมู่บ้านประชาสิริ พระราม 2","พระราม2ซอย60/1","พระราม 2","แสมดำ","บางขุนเทียน","กรุงเทพ","","","","รักษาความปลอดภัย 24 ชม, CCTV, สนามเด็กเล่น, สวนสาธารณะ/สวนหย่อม","- บิ๊กซี พระราม 2
- เทสโก้ โลตัส พระราม 2
-โรงพยาบาลพระราม 2
- โรงพยาบาลนครธน
- เซ็นทรัล พระราม 2
- สน. ท่าข้าม
- โรงเรียนรุ่งอรุณ
- โรงเรียนสารสาสน์","","พระราม 2 บางขุนเทียน ท่าข้าม เทียนทะเล"
"บ้านเดี่ยว","Perfect Place Rattanathibet","เพอร์เฟค เพลส รัตนาธิเบศร์","","รัตนาธิเบศร์","ไทรม้า","เมืองนนทบุรี","นนทบุรี","","","","รักษาความปลอดภัย 24 ชม, สระว่ายน้ำ, Fitness, สวนสาธารณะ/สวนหย่อม","-ใกล้แนวเส้นทางโครงการรถไฟฟ้าสายสีม่วง (บางใหญ่ – บางซื่อ) สถานีไทรม้า 
-เซ็นทรัลเวตเกต 
-เดอะมอลล์งามวงศ์วาน
-พันทิพย์งามวงศ์วาน
-ตลาดท่าอิฐ 1.5 กม.
-สถานีรถไฟฟ้าสายสีม่วง สถานีไทรม้า 1.7 กม.
-Lotus Express ท่าอิฐ 2.3 กม.
-Mini BigCท่าอิฐ 2.5 กม.
-HomePro ชัยพฤกษ์ 6.1 กม.
-เซ็นทรัล เวสต์เกต 8.3 กม.
-บางใหญ่ไนท์พลาซ่า 8.7 กม.
-Index บางใหญ่ 8.8 กม.
-Big C รัตนาธิเบศร์ 9.2 กม.
-ตลาดกลางบางใหญ่ 9.3 กม.
-Big C Extra บางใหญ่ 9.5 กม.
-บางใหญ่ สแควร์ 9.6 กม.
-เอสพลานาด งามวงศ์วาน 9.9 กม.
-The Walk ราชพฤกษ์ 10.3 กม.
-HomePro ราชพฤกษ์ 10.4 กม.
-คริสตัล เอสบี ราชพฤกษ์ 11.5 กม.
-HomeWork ราชพฤกษ์ 12.1 กม.
-The Mall งามวงศ์วาน 12.5 กม.
-รพ.นนทเวช 12.5 กม.
-กระทรวงพานิชย์ 7.1 กม.
-สนง.สลากกินแบ่ง 9.2 กม.
-กรมชลประทาน 12.6 กม.
-รร.นนทบุรี วิทยาลัย 4.8 กม.
-ม.ราชภัฎพระนคร 8.7 กม.
-รร.สวนกุหลาบ นนทบุรี 14.5 กม.
-ร.พ.เกษมราษฎร์ 9.2 กม.","","รัตนาธิเบศร์ สนามบินน้ำ พระนั่งเกล้า สามัคคี เรวดี"
